http://www.magazineluiza.com.br/ipad-pro-apple-32gb-prata-tela-9-7-retina-wi-fi-processador-m9-camera-12mp/p/2163306/tb/ippr/,https://www.apple.com/br/shop/buy-ipad/ipad-pro/tela-de-9,7-polegadas-32gb-prateado-wifi,http://www.fnac.com.br/ipad-pro-mlmp2bz-a-97in-wifi-32gb-silver/p?idsku=7449852,http://www.americanas.com.br/produto/127256767/ipad-pro-32gb-wi-fi-tela-retina-9-7-prata-apple,https://www.submarino.com.br/produto/127256767/ipad-pro-32gb-wi-fi-tela-retina-9-7-prata-apple,http://www.shoptime.com.br/produto/127256767/ipad-pro-32gb-wi-fi-tela-retina-9-7-prata-apple
http://www.americanas.com.br/produto/124738306/geladeira-refrigerador-brastemp-inverse-frost-free-bre50nk-422l-evox,https://www.submarino.com.br/produto/124738306/geladeira-refrigerador-brastemp-inverse-frost-free-bre50nk-422l-evox,http://www.extra.com.br/Eletrodomesticos/GeladeiraeRefrigerador/FrostFree/Refrigerador-Brastemp-Inverse-BRE50NK-Ative-Evox-422-L-5494828.html,https://www.walmart.com.br/refrigerador-brastemp-inverse-422l-127v-duplex-platinum-frost-free-bre50nk/3743497/pr,http://www.magazineluiza.com.br/geladeira-refrigerador-brastemp-frost-free-inox-inverse-422l-ative-bre50nkana/p/0130214/ed/reix/
http://www.americanas.com.br/produto/7408493/geladeira-refrigerador-brastemp-duplex-ative-frost-free-brm50-429l-branco,https://www.submarino.com.br/produto/7408493/geladeira-refrigerador-brastemp-duplex-ative-frost-free-brm50-429l-branco,http://www.extra.com.br/Eletrodomesticos/GeladeiraeRefrigerador/FrostFree/Refrigerador-Brastemp-Ative-BRM50NB-Frost-Free-com-Controle-Eletronico-429L-Branco-306506.html,http://www.casasbahia.com.br/Eletrodomesticos/GeladeiraeRefrigerador/FrostFree/Geladeira-Brastemp-Frost-Free-Duplex-Ative-BRM50NB-c-Controle-Eletronico-429L-306506.html,http://www.magazineluiza.com.br/geladeira-refrigerador-brastemp-frost-free-duplex-429l-ative-brm50nbana-branco/p/0100662/ed/elgf/
http://www.magazineluiza.com.br/adega-climatizada-philco-24-garrafas-ph24-dz-2-portas/p/2157159/ed/adeg/,http://www.americanas.com.br/produto/125717638/adega-de-vinhos-philco-ph24-dual-zone-24-garrafas,https://www.submarino.com.br/produto/125717638/adega-de-vinhos-philco-ph24-dual-zone-24-garrafas
http://www.magazineluiza.com.br/secador-de-cabelo-taiff-tourmaline-ion-ceramica-2000w-2-velocidades/p/1081744/cp/secc/,http://www.pontofrio.com.br/BelezaSaude/cuidadosfemininos/secadoresdecabelo/Secador-Profissional-2000w---Tourmaline-Ion-Ceramica---Taiff-5394015.html,http://www.extra.com.br/BelezaSaude/cuidadosfemininos/secadoresdecabelo/Secador-de-Cabelos-Taiff-Tourmaline-Ion-Ceramica-Motor-AC-Profissional-e-5-Temperaturas-2000W-Preto-8860.html,http://www.casasbahia.com.br/BelezaSaude/cuidadosfemininos/secadoresdecabelo/Secador-Profissional-2000w---Tourmaline-Ion-Ceramica---Taiff-5394015.html,https://www.submarino.com.br/produto/7503466/secador-de-cabelo-taiff-tourmaline-ion-ceramica-preto-2000w
https://www.submarino.com.br/produto/131349667/smartphone-moto-g-5-dual-chip-android-7.0-tela-5-32gb-4g-camera-13mp-ouro,https://www.carrefour.com.br/Smartphone-Motorola-Moto-G5-XT1672-32GB-Dourado-Tela-5-Camera-13MP-Android-7-0/p/5007836,http://www.americanas.com.br/produto/131349704/smartphone-moto-g-5-dual-chip-android-7.0-tela-5-32gb-4g-camera-13mp-platinum,https://www.walmart.com.br/smartphone-moto-g5-xt1672-ouro-dual-chip-android-nougat-4g-32gb/5344449/pr
http://www.americanas.com.br/produto/132118351/smartphone-samsung-galaxy-s8-dual-chip-android-7.0-tela-6.2-octa-core-2.3-ghz-64gb-camera-12mp-ametista,https://www.submarino.com.br/produto/132118351/smartphone-samsung-galaxy-s8-dual-chip-android-7.0-tela-6.2-octa-core-2.3-ghz-64gb-camera-12mp-ametista,https://www.walmart.com.br/smartphone-samsung-galaxy-s8-sm-g955fd-prata-dual-chip-android-7-0-4g-wi-fi-com-tela-infinita-de-62/5452395/pr,http://www.fnac.com.br/smartphone-samsung-galaxy-s8---plus--ametista-octa-core-tela-6-2--64gb-aandroid-7-0-12mp-dual-pixel/p,http://www.casasbahia.com.br/TelefoneseCelulares/Smartphones/Android/smartphone-samsung-galaxy-s8-plus-preto-com-64gb-tela-6-2-android-7-0-4g-reconhecimento-de-iris-camera-12mp-dual-pixel-e-processador-octa-core-11482056.html
http://www.thebeautybox.com.br/perfume-lancome-la-vie-est-belle-intense-feminino-eau-parfum_816586-p/p,https://www.belezanaweb.com.br/lancome-perfume-feminino-la-vie-est-belle-eau-de-parfum,https://www.walmart.com.br/perfume-la-vie-est-belle-feminino-30ml-lancome-l-eau-de-parfum/3865257/pr,http://www.ricardoeletro.com.br/Produto/Perfume-Lancome-La-Vie-Est-Belle-Feminino-Eau-de-Parfum-30ml/890-2207-2212-306610/
http://www.pontofrio.com.br/ArVentilacao/ArCondicionado/Split/Ar-Condicionado-Split-Hi-Wall-Samsung-Max-Plus-24000-Btus-Quente-Frio--6500529.html,http://www.casasbahia.com.br/ArVentilacao/ArCondicionado/Split/Ar-Condicionado-Split-Hi-Wall-Samsung-Max-Plus-24000-Btus-Quente-Frio--6500529.html
http://www.americanas.com.br/produto/126860621/smart-tv-led-43-lg-43lh5700-full-hd-com-conversor-digital-integrado-wi-fi-2-hdmi-1-usb-painel-ips-com-miracast,https://www.submarino.com.br/produto/126860621/smart-tv-led-43-lg-43lh5700-full-hd-com-conversor-digital-integrado-wi-fi-2-hdmi-1-usb-painel-ips-com-miracast,http://www.pontofrio.com.br/Eletronicos/Televisores/SmartTV/smart-tv-led-43-full-hd-lg-43lh5700-com-painel-ips-wi-fi-miracast-widi-entradas-hdmi-e-entrada-usb-8039200.html,http://www.casasbahia.com.br/Eletronicos/Televisores/SmartTV/smart-tv-led-43-full-hd-lg-43lh5700-com-painel-ips-wi-fi-miracast-widi-entradas-hdmi-e-entrada-usb-8039200.html
http://www.shoptime.com.br/produto/115605641/conversor-e-gravador-digital-aquario-dtv-8000,http://www.americanas.com.br/produto/115605641/conversor-e-gravador-digital-aquario-dtv-8000,https://www.submarino.com.br/produto/115605641/conversor-e-gravador-digital-aquario-dtv-8000
http://www.pontofrio.com.br/BelezaSaude/cuidadosfemininos/modelaroreseescovasrotativas/Modelador-De-Cachos-Relaxbeauty-Ana-Hickmann---Titanium-Control-Ceramica-90-A-220-C-8478010.html,http://www.extra.com.br/BelezaSaude/cuidadosfemininos/modelaroreseescovasrotativas/Modelador-De-Cachos-Relaxbeauty-Ana-Hickmann---Titanium-Control-Ceramica-90-A-220-C-8478010.html,http://www.casasbahia.com.br/BelezaSaude/cuidadosfemininos/modelaroreseescovasrotativas/Modelador-De-Cachos-Relaxbeauty-Ana-Hickmann---Titanium-Control-Ceramica-90-A-220-C-8478010.html,http://www.magazineluiza.com.br/modelador-de-cachos-relaxbeauty-ana-hickmann-titanium-control-ceramica-90-a-220-c-relaxbeauty/p/8530850/cp/pdpb/
http://www.pontofrio.com.br/BelezaSaude/cuidadosfemininos/modelaroreseescovasrotativas/Cacheador-Philco-Ceramic-Magic-Curls-Bivolt-Roxo-5360209.html,http://www.extra.com.br/BelezaSaude/cuidadosfemininos/modelaroreseescovasrotativas/Cacheador-Philco-Ceramic-Magic-Curls-Bivolt-Roxo-5360209.html,http://www.casasbahia.com.br/BelezaSaude/cuidadosfemininos/modelaroreseescovasrotativas/Cacheador-Philco-Ceramic-Magic-Curls-Bivolt-Roxo-5360209.html,https://www.submarino.com.br/produto/123959570/cacheador-ceramic-magic-curls-bivolt-philco,http://www.ricardoeletro.com.br/Produto/Modelador-Automatico-Magic-Curls-Philco-Rapido-e-Facil-Ajuste-de-Temperatura-Ate-230C-Tecnologia-Ceramica-Digital-Display-Bivolt/1-37-46-542771/
http://www.americanas.com.br/produto/127990734/lavadora-de-roupas-brastemp-11kg-bws11-cesto-smart-wave-branco,https://www.submarino.com.br/produto/127990734/lavadora-de-roupas-brastemp-11kg-bws11-cesto-smart-wave-branco,http://www.shoptime.com.br/produto/127990734/lavadora-de-roupas-brastemp-11kg-bws11-cesto-smart-wave-branco
https://www.carrefour.com.br/Notebook-Asus-Intel-Core-i3-4GB-1TB-Windows-10-Home-Tela-14-Serie-Z-Z450LAWX010T-Vermelho/p/9782605,http://www.americanas.com.br/produto/124526194/notebook-asus-z450la-wx010t-intel-core-i3-4gb-1tb-tela-led-14-windows-10-vermelho,https://www.submarino.com.br/produto/124526194/notebook-asus-z450la-wx010t-intel-core-i3-4gb-1tb-tela-led-14-windows-10-vermelho,https://www.walmart.com.br/notebook-asus-intel-core-i3-4gb-1tb-z450la-wx009t-14-windows-10-preto/3587612/pr
https://www.submarino.com.br/produto/127115104/smartphone-motorola-moto-g4-plus-dual-chip-android-6.0-tela-5.5-32gb-camera-16mp-preto,http://www.americanas.com.br/produto/127115104/smartphone-motorola-moto-g4-plus-dual-chip-android-6.0-tela-5.5-32gb-camera-16mp-preto,http://www.pontofrio.com.br/TelefoneseCelulares/Smartphones/Android/Smartphone-Motorola-Moto-G4-Plus-XT1640-Preto-com-32GB-Tela-de-5-5-Dual-Chip-Android-6-0-4G-Camera-16MP-Processador-Octa-Core-e-2GB-de-RAM-8412928.html,https://www.walmart.com.br/smartphone-motorola-moto-g-4-geracao-plus-preto-dual-chip-tela-5-5-32gb-cam-16mp-android-6-0/5355236/pr
http://www.americanas.com.br/produto/121908390/ar-condicionado-portatil-midea-liva-12.000-btus-com-rodizios,http://www.pontofrio.com.br/ArVentilacao/ArCondicionado/ArCondicionadoPortatil/Ar-Condicionado-Portatil-Midea-Liva-Frio-com-Controle-Remoto-12-000-BTUs-4016719.html,http://www.extra.com.br/ArVentilacao/ArCondicionado/ArCondicionadoPortatil/Ar-Condicionado-Portatil-Midea-Liva-Frio-com-Controle-Remoto-12-000-BTUs-4016719.html
http://www.casasbahia.com.br/Eletrodomesticos/LavaLoucas/Lava-Loucas-Electrolux-LE08B-8-Servicos-com-Painel-Blue-Touch-Branca-4454186.html,https://www.walmart.com.br/lava-loucas-electrolux-le08b-8-servicos-branco/3071334/pr,http://www.extra.com.br/Eletrodomesticos/LavaLoucas/Lava-Loucas-Electrolux-LE08B-8-Servicos-com-Painel-Blue-Touch-Branca-4454186.html,http://www.pontofrio.com.br/Eletrodomesticos/LavaLoucas/Lava-Loucas-Electrolux-LE08B-8-Servicos-com-Painel-Blue-Touch-Branca-4454186.html
http://www.extra.com.br/Games/Playstation4/ConsolesPlaystation4/Console-Playstation-4-com-500GB-Fabricado-no-Brasil-com-1-Ano-de-Garantia-5724305.html,http://www.pontofrio.com.br/Games/Playstation4/ConsolesPlaystation4/Console-Playstation-4-com-500GB-Fabricado-no-Brasil-com-1-Ano-de-Garantia-5724305.html,http://www.americanas.com.br/produto/116661370/console-ps4-500gb-controle-dualshock-4-sony
http://www.centauro.com.br/tenis-nike-md-runner-2-lw-masculino-879927.html,https://www.bizzstore.com.br/tenis-nike-844857-640-md-runner-2-lw-vermelho,https://www.tenispreto.com.br/tenis-nike-md-runner-2-cinza-azul,https://www.freecs.com.br/tenis-nike-md-runner-2-preto-branco2
http://www.americanas.com.br/produto/132118318/notebook-samsung-odyssey-intel-core-i5-8gb-geforce-gtx-1050-de-4gb-1tb-tela-led-full-hd-15-6-windows-10-preto,https://www.submarino.com.br/produto/132118318/notebook-samsung-odyssey-intel-core-i5-8gb-geforce-gtx-1050-de-4gb-1tb-tela-led-full-hd-15-6-windows-10-preto,http://www.shoptime.com.br/produto/132118318/notebook-samsung-odyssey-intel-core-i5-8gb-geforce-gtx-1050-de-4gb-1tb-tela-led-full-hd-15-6-windows-10-preto
http://www.extra.com.br/audio/HomeTheater/aparelhosHomeTheater/Home-Theater-Philips-HTD5580X-78-5-1-Canais-com-DVD-Player-Bassipes-Duplos-Bluetooth-Entrada-USB-e-Saida-HDMI-–-1-000-W-3759673.html,http://www.casasbahia.com.br/audio/HomeTheater/aparelhosHomeTheater/Home-Theater-Philips-HTD5580X-78-5-1-Canais-com-DVD-Player-Bassipes-Duplos-Bluetooth-Entrada-USB-e-Saida-HDMI-–-1-000-W-3759673.html,https://www.walmart.com.br/home-theater-philips-htd5580x-78-5-1-canais-1000w-rms-com-dvd/2791659/pr
http://www.americanas.com.br/produto/128335467/smart-tv-led-49-lg-49uh6100-ultra-hd-4k-com-conversor-digital-wi-fi-integrado-3-hdmi-1-usb-60hz-com-webos-3.0,https://www.submarino.com.br/produto/128335467/smart-tv-led-49-lg-49uh6100-ultra-hd-4k-com-conversor-digital-wi-fi-integrado-3-hdmi-1-usb-60hz-com-webos-3.0,http://www.shoptime.com.br/produto/128335467/smart-tv-led-49-lg-49uh6100-ultra-hd-4k-com-conversor-digital-wi-fi-integrado-3-hdmi-1-usb-60hz-com-webos-3.0,http://www.magazineluiza.com.br/smart-tv-led-49-4k-lg-49uh6100-ultra-hd-conversor-integrado-3-hdmi-1-usb-wi-fi/p/1933846/et/tv4k/
https://www.submarino.com.br/produto/12714332/tenis-olympikus-rio-3,http://www.shoptime.com.br/produto/125142854/tenis-olympikus-rio-3,http://www.americanas.com.br/produto/125142598/tenis-esportivo-olympikus-rio-3,http://www.americanas.com.br/produto/125142854/tenis-olympikus-rio-3
https://www.submarino.com.br/produto/122606861/mochila-zoo-porco-espinho-skip-hop,http://www.shoptime.com.br/produto/122606861/mochila-zoo-porco-espinho-skip-hop,http://www.americanas.com.br/produto/122606861/mochila-zoo-porco-espinho-skip-hop,http://www.osapoeaprincesa.com.br/mochila-zoo-porco-espinho-skip-hop-p1430/
http://www.americanas.com.br/produto/129012491/computador-all-in-one-acer-az1-751-br11-intel-core-i5-8gb-1tb-led-19-5-windows-10,https://www.submarino.com.br/produto/129012491/computador-all-in-one-acer-az1-751-br11-intel-core-i5-8gb-1tb-led-19-5-windows-10,http://www.shoptime.com.br/produto/129012491/computador-all-in-one-acer-az1-751-br11-intel-core-i5-8gb-1tb-led-19-5-windows-10,http://www.extra.com.br/Informatica/Computadores/Computador-Acer-All-in-One-Aspire-AZ1-751-BR11-com-Intel-Core-i5-5200U-8GB-1TB-Gravador-de-DVD-Leitor-de-Cartoes-HDMI-LED-19-5-e-Windows-10-10066865.html
https://www.submarino.com.br/produto/113908824/modelador-ceramico-0.75-mega,http://www.americanas.com.br/produto/113908824/modelador-ceramico-0.75-mega,https://www.submarino.com.br/produto/113908841/modelador-ceramico-1-mega
http://www.americanas.com.br/produto/124132646/smartphone-samsung-galaxy-j5-duos-dual-chip-android-5.1-tela-5-16gb-4g-wi-fi-camera-13mp-dourado,https://www.submarino.com.br/produto/124132620/smartphone-samsung-galaxy-j5-duos-dual-chip-android-5.1-tela-5-16gb-4g-wi-fi-camera-13mp-preto,https://www.walmart.com.br/smartphone-samsung-galaxy-j5-sm-j500m-ds-dourado-dual-chip-android-5-1-lollipop-4g-wi-fi-16gb-vivo/5407526/pr,https://www.carrefour.com.br/Smartphone-Samsung-Galaxy-J5-Duos-SM-J500-16GB-Branco-4G-Tela-5-Camera-13MP-Android-5-1/p/9804242
http://www.pontofrio.com.br/Eletroportateis/Fritadeiras/Fritadeira-Eletrica-Mondial-Air-Fryer-Premium-AF-01-Nao-Necessita-Oleo-Preto-Inox-1743126.html,http://www.extra.com.br/Eletroportateis/Fritadeiras/Fritadeira-Eletrica-Mondial-Air-Fryer-Premium-AF-01-Nao-Necessita-Oleo-Preto-Inox-1743126.html,http://www.casasbahia.com.br/Eletroportateis/Fritadeiras/Fritadeira-Eletrica-Mondial-Air-Fryer-Premium-AF-01-Nao-Necessita-Oleo-Preto-Inox-1743126.html,http://www.magazineluiza.com.br/fritadeira-eletrica-air-fryer-sem-oleo-mondial-premium-2-5l-timer/p/0233400/ep/frel/,http://www.ricardoeletro.com.br/Produto/Fritadeira-Air-Fryer-Mondial-C-27-Litros-de-Capacidade-Timer-Nao-Necessita-o-Uso-de-Oleo-Separador-de-Alimentos-Antiaderente-AF01-Premium/258-582-4290-274418/
https://www.colombo.com.br/produto/Eletrodomesticos/Cooktop-a-Gas-5-Bocas-Consul-Facilite-CD075AE,https://www.walmart.com.br/cooktop-a-gas-consul-cd075-5-bocas-vidro-temperado/2028376/pr,http://www.americanas.com.br/produto/112269549/cooktop-a-gas-consul-5-bocas-cd075-acendimento-inteligente-preto,https://www.submarino.com.br/produto/112269549/cooktop-a-gas-consul-5-bocas-cd075-acendimento-inteligente-preto
http://www.americanas.com.br/produto/128324080/computador-all-in-one-dell-inspiron-3459-a10-intel-core-i3-4gb-1tb-23-8-full-hd-windows-10-branco,https://www.submarino.com.br/produto/128324080/computador-all-in-one-dell-inspiron-3459-a10-intel-core-i3-4gb-1tb-23-8-full-hd-windows-10-branco,http://www.shoptime.com.br/produto/128324080/computador-all-in-one-dell-inspiron-3459-a10-intel-core-i3-4gb-1tb-23-8-full-hd-windows-10-branco
http://www.magazineluiza.com.br/secador-de-cabelo-taiff-fox-ion-2000w-2-velocidades/p/1081737/cp/secc/,http://www.pontofrio.com.br/BelezaSaude/cuidadosfemininos/secadoresdecabelo/Secador-de-Cabelos-Taiff-Fox-Ion-Motor-AC-Profissional-e-5-Temperaturas-2000W-Prata-4141.html,http://www.extra.com.br/BelezaSaude/cuidadosfemininos/secadoresdecabelo/Taiff-Secador-Taiff-Fox-Ion-2-000-W-4141.html,http://www.casasbahia.com.br/BelezaSaude/cuidadosfemininos/secadoresdecabelo/Secador-de-Cabelos-Taiff-Fox-Ion-Motor-AC-Profissional-e-5-Temperaturas-2000W-Prata-4141.html
http://www.americanas.com.br/produto/113096862/lavadora-e-secadora-samsung-siene-wd106-10kg-branca,https://www.submarino.com.br/produto/113096862/lavadora-e-secadora-samsung-siene-wd106-10kg-branca,https://www.walmart.com.br/lava-e-seca-samsung-wd-106-seine-10-1kg-branca-sistema-eco-bubble/2031448/pr,http://www.shoptime.com.br/produto/113096862/lavadora-e-secadora-samsung-siene-wd106-10kg-branca
http://www.pontofrio.com.br/Eletrodomesticos/Fogoes/Piso5Bocas/fogao-electrolux-celebrate-5-bocas-76spb-com-acendedor-automatico-e-timer-mecanico-bivolt-branco-1981080.html,http://www.magazineluiza.com.br/fogao-5-bocas-electrolux-celebrate-76spb-tripla-chama-timer-acendimento-automatico-branco/p/0122513/ed/fogo/,http://www.extra.com.br/Eletrodomesticos/Fogoes/Piso5Bocas/fogao-electrolux-celebrate-5-bocas-76spb-com-acendedor-automatico-e-timer-mecanico-bivolt-branco-1981080.html,https://www.walmart.com.br/fogao-76spb-celebrate-5-bocas/5323485/pr
http://www.americanas.com.br/produto/127860649/lavadora-de-roupas-brastemp-9kg-bws09ab-branca,https://www.submarino.com.br/produto/127860649/lavadora-de-roupas-brastemp-9kg-bws09ab-branca,http://www.shoptime.com.br/produto/127860649/lavadora-de-roupas-brastemp-9kg-bws09ab-branca
https://www.submarino.com.br/produto/119681093/oculos-de-sol-sun-john-feminino-deborah,http://www.americanas.com.br/produto/119681093/oculos-de-sol-sun-john-feminino-deborah
http://www.magazineluiza.com.br/chaleira-eletrica-cadence-simmy-1l-com-porta-fio/p/0887424/ep/chle/,http://www.pontofrio.com.br/Eletroportateis/ChaleirasEletricas/Chaleira-Eletrica-Simmy-Cadence-CEL310-1100W-com-Capacidade-de-1-litro-Branca-2276719.html,http://www.extra.com.br/Eletroportateis/ChaleirasEletricas/Chaleira-Eletrica-Simmy-Cadence-CEL310-1100W-com-Capacidade-de-1-litro-Branca-2276719.html,http://www.casasbahia.com.br/Eletroportateis/ChaleirasEletricas/Chaleira-Eletrica-Simmy-Cadence-CEL310-1100W-com-Capacidade-de-1-litro-Branca-2276719.html
http://www.extra.com.br/Eletroportateis/Cafeteiras/moedordegraos/Moedor-de-Graos-de-Cafe-Cuisinart-DCG20-2413591.html,https://www.eletrum.com.br/moedor-eletrico-para-cafe-preto-dcg-20bknbrb-127v-cuisinart,http://www.bololo.com.br/moedor_para_cafe_eletrico_cuisinart_aco_inox_preto_110v/p,https://www.walmart.com.br/moedor-de-cafe-dcg-20-cuisinart-130w-ate-70g-preto-110v/3289915/pr,http://www.magazineluiza.com.br/torradeira-kitchenaid-cinza-kjc02afana-7-niveis-de-tostagem-funcao-descongelar/p/2111003/ep/tost/
http://www.pontofrio.com.br/Eletroportateis/Torradeiras/Torradeira-Contour-Silver-KitchenAid-KJC02-com-5-Opcoes-de-Tostagem-Prata-1970671.html,http://www.extra.com.br/Eletroportateis/Torradeiras/Torradeira-Contour-Silver-KitchenAid-KJC02-com-5-Opcoes-de-Tostagem-Prata-1970671.html,http://www.casasbahia.com.br/Eletroportateis/Torradeiras/Torradeira-Kitchenaid-2-Fatias-Cinza-6583766.html
http://www.magazineluiza.com.br/tostadeira-electrolux-toe11-7-niveis-de-tostagem-funcao-descongelar/p/0222064/ep/tost/,http://www.extra.com.br/Eletroportateis/Torradeiras/Torradeira-Electrolux-Easyline-TOE11-com-7-Niveis-de-Tostagem-Preto-1590610.html,http://www.casasbahia.com.br/Eletroportateis/Torradeiras/Torradeira-Electrolux-Easyline-TOE11-com-7-Niveis-de-Tostagem-Preto-1590610.html,http://www.americanas.com.br/produto/112809939/tostador-electrolux-easyline,https://www.submarino.com.br/produto/112809939/tostador-electrolux-easyline
http://www.casasbahia.com.br/Eletroportateis/EspremedoresdeFrutas/Extrator-de-Frutas-Mondial-Profissional-E-10-Bivolt-250W-410915.html,https://www.submarino.com.br/produto/110949217/extrator-de-frutas-mondial-turbo-e-10-bivolt-1-litro-preto-e-inox,http://www.shoptime.com.br/produto/110949217/extrator-de-frutas-mondial-turbo-e-10-bivolt-1-litro-preto-e-inox,http://www.americanas.com.br/produto/110949217/extrator-de-frutas-mondial-turbo-e-10-bivolt-1-litro-preto-e-inox
http://www.extra.com.br/Eletroportateis/Acessorioseletroportateis/Sorveteira-Breville-Gelato-Express-Tramontina-69170012--7886351.html,http://www.casasbahia.com.br/Eletroportateis/Acessorioseletroportateis/Sorveteira-Breville-Gelato-Express-Tramontina-69170012--7886351.html,https://www.walmart.com.br/sorveteira-inox-express-tramontina-220v-69170-012/3982987/pr
http://www.casasbahia.com.br/Eletrodomesticos/Freezer/Vertical/Freezer-Vertical-Brastemp-Frost-Free-Flex-BVR28HR-Inox-228L-2182664.html,http://www.magazineluiza.com.br/freezer-vertical-frost-free-brastemp-228l-bvr28hrana/p/0101145/ed/efrv/,http://www.extra.com.br/Eletrodomesticos/Freezer/Vertical/Freezer-Vertical-Brastemp-Frost-Free-Flex-BVR28HR-Inox-228L-2182664.html,http://www.pontofrio.com.br/Eletrodomesticos/Freezer/Vertical/Freezer-Vertical-Brastemp-Frost-Free-Flex-BVR28HR-Inox-228L-2182664.html
https://www.walmart.com.br/freezer-vertical-consul-facilite-231-litros-cvu26eb-branco/2032972/pr,http://www.casasbahia.com.br/Eletrodomesticos/Freezer/Vertical/Freezer-Vertical-Consul-CVU26E-1-Porta-231L-2182668.html,http://www.magazineluiza.com.br/freezer-vertical-consul-231l-cvu26ebana/p/0101090/ed/efrv/,http://www.extra.com.br/Eletrodomesticos/Freezer/Vertical/Freezer-Vertical-Consul-CVU26E-1-Porta-231L-2182668.html
http://www.magazineluiza.com.br/mixer-cadence-fast-blend-colors-2-velocidades-170w/p/2133531/ep/mixe/,http://www.pontofrio.com.br/Eletroportateis/Mixer/Mixer-Cadence-Fast-Blend-Colors-MIX293-Azul-3829502.html,http://www.extra.com.br/Eletroportateis/Mixer/Mixer-Cadence-Fast-Blend-Colors-MIX293-Azul-3829502.html,http://www.casasbahia.com.br/Eletroportateis/Mixer/mixer-fast-blend-colors-azul-7570589.html
http://www.pontofrio.com.br/Eletroportateis/Mixer/Mixer-Philips-Walita-Viva-Collection-RI1364-Tecnologia-Pro-Blend-4-400W-7718272.html,http://www.extra.com.br/Eletroportateis/Mixer/Mixer-Philips-Walita-Viva-Collection-RI1364-Tecnologia-Pro-Blend-4-400W-7718272.html,http://www.casasbahia.com.br/Eletroportateis/Mixer/Mixer-Philips-Walita-Viva-Collection-com-3-Acessorios-RI1364-400W-852331.html,https://www.fastshop.com.br/loja/mixer-viva-philips-walita-02-velocidades-branco-e-cinza-ri1364-fast,http://www.shoptime.com.br/produto/126855864/mixer-philips-walita-linha-viva-collection-branco-cinza-ri1364-0-c-copo-dosador-batedor-de-clara-mini-processador-400w
https://www.walmart.com.br/processador-de-alimentos-viva-collection-ri7632-2-velocidades-pulsar-650w-preto-vermelho-110v-philips-walita/4614682/pr,http://www.magazineluiza.com.br/processador-de-alimentos-philips-walita-viva-ri7632-2-velocidades-pulsar-650w/p/2145159/ep/proc/,http://www.casasbahia.com.br/Eletroportateis/ProcessadordeAlimentos/processador-de-alimentos-com-liquidificador-ri7632-91-preto-philips-walita-8823366.html,https://www.fastshop.com.br/loja/processador-de-alimento-philips-walita-viva-02-velocidades-preto-ri7632-fast
https://www.walmart.com.br/processador-de-alimentos-kitchenaid-kja13asana-3-em-1-280w-21l-silver/2138071/pr,http://www.girafa.com.br/Eletrodomesticos/KitchenAid/processador-alimentos-kitchenaid-127v-empire-red.htm,http://www.magazineluiza.com.br/processador-de-alimentos-kitchenaid-kja13-3-velocidades-280w/p/2111001/ep/proc/,http://www.extra.com.br/Eletroportateis/ProcessadordeAlimentos/Processador-de-Alimentos-KitchenAid-KJA13AVANA-110V-Vermelho-1970674.html
http://www.casasbahia.com.br/Eletrodomesticos/LavaLoucas/Lava-Loucas-Automatica-Brastemp-BLF10AS-com-Painel-Touch-10-Servicos-Inox-4420020.html,https://www.walmart.com.br/lava-louca-brastemp-blf10asana-10-servicos/2995548/pr,http://www.magazineluiza.com.br/lava-loucas-brastemp-blf10as-inox-10-servicos-painel-touch-screen/p/2114528/ed/lalo/,http://www.extra.com.br/Eletrodomesticos/LavaLoucas/Lava-Loucas-Automatica-Brastemp-BLF10AS-com-Painel-Touch-10-Servicos-Inox-4420020.html
http://www.kalunga.com.br/prod/monitor-led-15-6-widescreen-e1670swu-aoc/477005,https://www.walmart.com.br/monitor-led-aoc-15-6-preto-e1670swu/2033628/pr,http://www.extra.com.br/Informatica/Monitores/Monitor-LCD-LED-15-6-AOC-HD-E1670SWU-Widescreen-2300815.html,http://www.casasbahia.com.br/Informatica/Monitores/Monitor-LCD-LED-15-6-AOC-HD-E1670SWU-Widescreen-2300815.html
http://www.magazineluiza.com.br/monitor-tv-led-23-6-lg-24mt48df-ps-conversor-digital-1-hdmi-1-usb/p/1933858/et/tled/,https://www.walmart.com.br/tv-monitor-led-23-5-lg-24mt48df-com-conversor-digital-1-hdmi-1-usb/4139767/pr,http://www.extra.com.br/Eletronicos/Televisores/TVMonitor/TV-Monitor-LED-23-6-HD-LG-24MT48DF-PS-com-Conversor-Digital-Gaming-Mode-Time-Machine-Entrada-HDMI-e-USB-8405435.html,http://www.pontofrio.com.br/Eletronicos/Televisores/TVMonitor/TV-Monitor-LED-23-6-HD-LG-24MT48DF-PS-com-Conversor-Digital-Gaming-Mode-Time-Machine-Entrada-HDMI-e-USB-8405435.html
http://www.kalunga.com.br/prod/monitor-led-25-ips-ultrawide-25um58-lg/477102,https://www.walmart.com.br/monitor-gamer-led-25-lg-25um58p-ips-full-hd-ultrawide-bivolt/4383805/pr,http://www.extra.com.br/Informatica/Monitores/Monitor-LED-25-LG-Full-HD-UltraWide-IPS-25UM58-P-AWZ-com-Entrada-HDMI-9402339.html,https://www.carrefour.com.br/Monitor-LED-25-Widescreen-Full-HD-LG-25UM58-P-AWZ/p/8650128
https://www.fastshop.com.br/loja/filmadora-gopro-hero4-black-adventure-hero4blk-fast,http://www.magazineluiza.com.br/camera-digital-gopro-hero-4-black-12mp-aquatica-visor-1-5-touch-wi-fi-bluetooth/p/0403533/cf/gopr/,http://www.pontofrio.com.br/CineFoto/CamerasEspeciais/CamerasEsportivas/Camera-Digital-e-Filmadora-GoPro-Hero4-Black-Edition-Adventure-Suporte-Para-Prancha-de-Surf-GoPro-1000057760.html
http://www.pontofrio.com.br/automotivo/GPSeAcessoriosAutomotivo/GPSAutomotivo/Navegador-GPS-Multilaser-5--Tracker-III-Tv-Digital-FM-USB-Gp036-4801034.html,http://www.extra.com.br/automotivo/GPSeAcessoriosAutomotivo/GPSAutomotivo/Navegador-GPS-Multilaser-5--Tracker-III-Tv-Digital-FM-USB-Gp036-4801034.html,http://www.casasbahia.com.br/automotivo/GPSeAcessoriosAutomotivo/GPSAutomotivo/Navegador-GPS-Multilaser-5--Tracker-III-Tv-Digital-FM-USB-Gp036-4801034.html,https://www.walmart.com.br/gps-veicular-5-c-tv-fm-multilaser-gp036/3562672/pr
http://www.magazineluiza.com.br/controle-para-ps4-sem-fio-dualshock-4-sony-preto/p/0884491/ga/gaps/,http://www.pontofrio.com.br/Games/Playstation4/AcessoriosPlaystation4/Controle-Sem-Fio-Sony-Dualshock-4-Preto-PS4-2727036.html,http://www.extra.com.br/Games/ControleseAcessorios/controle-sem-fio-dualshock-4-branco-ps4-10044859.html,http://www.casasbahia.com.br/Games/Playstation4/AcessoriosPlaystation4/Controle-Sem-Fio-Sony-Dualshock-4-Branco-PS4-10340219.html
http://www.extra.com.br/Games/ControleseAcessorios/Volante-Multilaser-Racer-JS073-3-em-1-para-PS2-PS3-e-PC-Preto-3471884.html,http://www.casasbahia.com.br/Games/ControleseAcessorios/Volante-Multilaser-Racer-JS073-3-em-1-para-PS2-PS3-e-PC-Preto-3471884.html,https://www.walmart.com.br/volante-para-ps2-ps3-e-pc-com-marcha-js073-multilaser/3119763/pr
http://www.extra.com.br/Games/PC/AcessoriosparaPC/Controle-Multilaser-Dual-Shock-Xpad-JS046-Preto-3471882.html,https://www.walmart.com.br/controle-pc-dual-shock-xpad-estilo-xbox-multilaser-js046/3562834/pr
http://www.casasbahia.com.br/Games/XboxOne/JogosXboxOne/Jogo-Forza-Horizon-3-Xbox-One-9600866.html,http://www.extra.com.br/Games/XboxOne/JogosXboxOne/Jogo-Forza-Horizon-3-Xbox-One-9600866.html,http://www.magazineluiza.com.br/forza-horizon-3-para-xbox-one-microsoft/p/2167504/ga/gjxo/,http://www.pontofrio.com.br/Games/XboxOne/JogosXboxOne/Jogo-Forza-Horizon-3-Xbox-One-9469746.html,http://www.saraiva.com.br/forza-horizon-3-xbox-one-9369412.html
http://www.casasbahia.com.br/Games/Playstation4/JogosPlaystation4/Jogo-Call-of-Duty-Infinite-Warfare-PS4-10628605.html,http://www.extra.com.br/Games/Playstation4/JogosPlaystation4/Jogo-Call-of-Duty-Infinite-Warfare-PS4-10628605.html,http://www.magazineluiza.com.br/call-of-duty-infinite-warfare-para-ps4-activision/p/0431758/ga/gcod/,http://www.saraiva.com.br/call-of-duty-infinite-warfare-ps4-9381521.html
http://www.magazineluiza.com.br/gps-automotivo-multilaser-tracker-iii-tela-4.3-touch-tv-digital-2.500-cidades-navegaveis/p/2117243/au/gpsi/,http://www.pontofrio.com.br/automotivo/GPSeAcessoriosAutomotivo/GPSAutomotivo/Navegador-GPS-Tracker-III-GP034-Multilaser-com-TV-Digital-Tela-Touch-Screen-de-4-3-e-Suporte-para-Micro-SD-ate-8GB-3699150.html,http://www.extra.com.br/automotivo/GPSeAcessoriosAutomotivo/GPSAutomotivo/Gps-Multilaser-Tracker-III-Com-Tv---Gp034-4879078.html,http://www.casasbahia.com.br/automotivo/GPSeAcessoriosAutomotivo/GPSAutomotivo/Navegador-GPS-Tracker-III-4.3-Multilaser-TV-GP034--6086759.html
http://www.americanas.com.br/produto/125419673/tablet-multilaser-m7s-8gb-wi-fi-tela-7-android-4.4-quad-core-branco,https://www.submarino.com.br/produto/125419673/tablet-multilaser-m7s-8gb-wi-fi-tela-7-android-4.4-quad-core-branco,http://www.shoptime.com.br/produto/125419673/tablet-multilaser-m7s-8gb-wi-fi-tela-7-android-4.4-quad-core-branco,https://www.walmart.com.br/tablet-m7s-quad-core-teclado-multilaser-nb196/4301585/pr
http://www.americanas.com.br/produto/122533964/tablet-samsung-galaxy-tab-e-t116-8gb-wi-fi-3g-tela-7-android-4.4-processador-quad-core-1.3ghz-branco,https://www.submarino.com.br/produto/122533964/tablet-samsung-galaxy-tab-e-t116-8gb-wi-fi-3g-tela-7-android-4.4-processador-quad-core-1.3ghz-branco,http://www.shoptime.com.br/produto/122533964/tablet-samsung-galaxy-tab-e-t116-8gb-wi-fi-3g-tela-7-android-4.4-processador-quad-core-1.3ghz-branco,https://www.walmart.com.br/tablet-galaxy-tab-e-t116bu-branco-tela-7-3g-wifi-android-4-4-camera-2mp-memoria-8gb-samsung/4829782/pr
http://www.americanas.com.br/produto/123021098/tablet-samsung-galaxy-tab-e-t560n-8gb-wi-fi-tela-9.6-android-4.4-quad-core-branco,https://www.submarino.com.br/produto/123021119/tablet-samsung-galaxy-tab-e-t560-8gb-wi-fi-tela-9.6-android-4.4-quad-core-preto,https://www.walmart.com.br/tablet-samsung-galaxy-tab-e-tela-9-6-android-4-4-8gb-wi-fi-branco-processador-quad-core-1-3ghz/3332769/pr
https://www.walmart.com.br/tablet-multilaser-m7-3g-quad-core-tela-7-8gb-de-memoria-dual-chip-wi-fi-preto-nb223/5075917/pr,http://www.pontofrio.com.br/Tablets/Tablet/TabletAndroid/Tablet-Multilaser-M7-3G-Quad-Core-Branco-com-Tela-7-8GB-Camera-2MP-Bluetooth-Wi-Fi-Android-4-4-Dual-Chip-e-Processador-Quad-Core-8565583.html,http://www.extra.com.br/Tablets/Tablet/TabletAndroid/Tablet-Multilaser-M7-3G-Rosa-Dual-Core-Android-4.4-6756455.html
http://www.americanas.com.br/produto/129083601/tablet-lenoxx-tb-5400-p-8gb-wi-fi-tela-7-android-entrada-usb-quad-core-preto,https://www.submarino.com.br/produto/129083601/tablet-lenoxx-tb-5400-p-8gb-wi-fi-tela-7-android-entrada-usb-quad-core-preto,https://www.walmart.com.br/tablet-lenoxx-tb-5400-branco-tela-7-8gb-wi-fi-camera-vga-frontal-e-traseira-android-5-1/5244127/pr,http://www.magazineluiza.com.br/tablet-lenoxx-8gb-7-wi-fi-android-4.4-proc.-quad-core-camera-integrada/p/2165015/tb/tbtm/
http://www.magazineluiza.com.br/dvd-player-sony-dvp-sr370-conexao-usb/p/1907571/et/tvdb/,http://www.pontofrio.com.br/audio/DVDeBluRayPlayers/DVDPlayer/DVD-Player-Sony-DVP-SR370-com-Entrada-USB-Frontal-2197960.html,http://www.extra.com.br/audio/DVDeBluRayPlayers/DVDPlayer/DVD-Player-Sony-DVP-SR370-com-Entrada-USB-Frontal-2197960.html,https://www.walmart.com.br/dvd-player-sony-dvp-sr370-entrada-usb-frontal-leitor-mp3-preto/2033200/pr
http://www.magazineluiza.com.br/dvd-player-trc-dvd-170-com-karaoke-usb-1-microfone-funcao-ripping/p/2152667/et/tvdb/,http://www.pontofrio.com.br/audio/DVDeBluRayPlayers/DVDPlayer/DVD-Player-Karaoke-TRC-DVD-170-Compacto-c-Entrada-USB-309171.html,http://www.extra.com.br/audio/DVDeBluRayPlayers/DVDPlayer/DVD-Player-Karaoke-TRC-DVD-170-Compacto-c-Entrada-USB-309171.html,http://www.casasbahia.com.br/audio/DVDeBluRayPlayers/DVDPlayer/DVD-Player-Karaoke-TRC-DVD-170-Compacto-c-Entrada-USB-309171.html
http://www.magazineluiza.com.br/calculadora-financeira-hp-12c-gold-box-120-funcoes/p/2043461/ia/clfi/,http://www.kalunga.com.br/prod/calculadora-financeira-12c-gold-hp/158100,http://www.saraiva.com.br/calculadora-financeira-hp-12c-gold-2871832.html,http://www.shoptime.com.br/produto/124551939/calculadora-financeira-hp12c-caderno-andy-warhol-marilyn-layered-journal-1-ed,http://www.americanas.com.br/produto/282285/calculadora-financeira-hp12c-hp
http://www.extra.com.br/Informatica/AcessoriosePerifericos/Webcam/Webcam-Logitech-C270-HD-3-0MP-com-Microfone-Integrado-Preto-1657040.html,http://www.casasbahia.com.br/Informatica/AcessoriosePerifericos/Webcam/Webcam-Logitech-C-270-HD-3MP-com-Microfone-Embutido-Preto-306481.html,https://www.walmart.com.br/web-cam-720p-3-megapixels-microfone-c270hd-logitech/4086229/pr
http://www.pontofrio.com.br/Informatica/AcessoriosePerifericos/Webcam/webcam-Multilaser-plug-play-pink-piano-WC048--4090555.html,http://www.casasbahia.com.br/Informatica/AcessoriosePerifericos/Webcam/webcam-Multilaser-plug-play-pink-piano-WC048--4090555.html,http://www.shoptime.com.br/produto/117292051/webcam-plugeplay-pink-piano-wc048-multilaser,http://www.americanas.com.br/produto/117292051/webcam-plugeplay-pink-piano-wc048-multilaser,https://www.submarino.com.br/produto/117292051/webcam-plugeplay-pink-piano-wc048-multilaser
http://www.extra.com.br/Informatica/AcessoriosePerifericos/Webcam/Webcam-Multilaser-WC040-Plug-Play-1-3MP-379741.html,http://www.casasbahia.com.br/Informatica/AcessoriosePerifericos/Webcam/Webcam-Multilaser-WC040-Plug-Play-1-3MP-379741.html,https://www.walmart.com.br/webcam-5mp-com-flash-led-e-microfone-embutido-wc040-multilaser/3584454/pr
https://www.carrefour.com.br/Bicicleta-Infantil-Caloi-Aro-16-1-Marcha-Hot-Wheels-Preta/p/9526595,https://www.walmart.com.br/bicicleta-hot-wheels-aro-16-preta-caloi/2516382/pr,http://www.magazineluiza.com.br/bicicleta-infantil-hot-wheels-aro-16-caloi-colorido/p/1823682/es/elbi/,http://www.pontofrio.com.br/brinquedos/BicicletasInfantojuvenis/Aro16/Bicicleta-Infantil-Aro-16-Caloi-Hot-Wheels-Preta-3591817.html
https://www.walmart.com.br/bicicleta-caloi-montana-aro-26-tamanho-18/4399224/pr,http://www.magazineluiza.com.br/bicicleta-caloi-montana-mountain-bike-aro-26-21-marchas-freio-v-brake/p/1823012/es/elbc/,http://www.pontofrio.com.br/EsporteLazer/Bicicletas/Aro26/Bicicleta-Aro-26-Caloi-Montana-com-21-Marchas-62693.html,http://www.extra.com.br/EsporteLazer/Bicicletas/Aro26/Bicicleta-Aro-26-Caloi-Montana-com-21-Marchas-62693.html
https://www.walmart.com.br/bicicleta-nic-houston/3820899/pr,http://www.magazineluiza.com.br/bicicleta-infantil-aro-16-houston-nic-azul-copa-com-rodinhas/p/1823082/es/elbi/,http://www.pontofrio.com.br/brinquedos/BicicletasInfantojuvenis/Aro16/Bicicleta-Infantil-Aro-16-Houston-Nic-Azul-6600973.html,http://www.extra.com.br/brinquedos/BicicletasInfantojuvenis/Aro16/Bicicleta-Infantil-Aro-16-Houston-Nic-Azul-6600973.html
https://www.walmart.com.br/bicicleta-aro-20-ceci-branca-caloi/4423078/pr,http://www.magazineluiza.com.br/bicicleta-infantil-aro-20-caloi-ceci-branco-freio-v-brake/p/1823999/es/elbi/,http://www.extra.com.br/brinquedos/BicicletasInfantojuvenis/Aro20/Bicicleta-Infantil-Aro-20-Caloi-Ceci-com-Cesto-2347468.html,https://www.submarino.com.br/produto/125568775/bicicleta-feminina-caloi-ceci-aro-20-modelo-2016-branca,http://www.netshoes.com.br/produto/top-whey-3w-900-g--max-titanium-A05-0031-963
https://www.walmart.com.br/liquidificador-trapeze-colors-1-5l-350w-roxo-liq352-cadence/3377168/pr,http://www.magazineluiza.com.br/liquidificador-cadence-trapeze-colors-4-velocidades-com-filtro-350w/p/2103365/ep/liqu/,https://www.carrefour.com.br/Liquidificador-Cadence-Colors-LIQ354220-Jarra-de-Plastico-1-5L-350W-4-Velocidades-Amarelo-220V/p/9880771,http://www.shoptime.com.br/produto/120647108/liquidificador-cadence-trapeze-1-5l-roxo-350w
https://www.walmart.com.br/liquidificador-diamond-vermelho-kitchenaid/4184100/pr,https://www.angeloni.com.br/eletro/p/liquidificador-kitchenaid-diamond-empire-red-5-velocidades-kua15av-vermelho-3850091,http://www.girafa.com.br/Eletrodomesticos/KitchenAid/liquidificador-kitchenaid-diamond-220v-empire-red.htm,http://www.magazineluiza.com.br/liquidificador-kitchenaid-diamond-5-velocidades-650w/p/2160098/ep/liqu/
https://www.walmart.com.br/liquidificador-oster-3-velocidades-600w-azul/2393868/pr,https://www.angeloni.com.br/eletro/p/liquidificador-oster-classico-3-velocidades-4126-vermelho-3852372,http://www.magazineluiza.com.br/liquidificador-oster-classico-osterizer-3-velocidades-600w-com-copo-de-vidro/p/0887983/ep/liqu/,http://www.pontofrio.com.br/Eletroportateis/LiquidificadoreseAcessorios/Liquidificadores/Liquidificador-Oster-Classic-4126-600W-–-Vermelho-1893378.html
https://www.walmart.com.br/liquidificador-3-velocidade-450w-tornado-mallory-110v/4055920/pr,http://www.magazineluiza.com.br/liquidificador-mallory-tornado-filter-3-velocidades-com-filtro-450w/p/2159729/ep/liqu/,http://www.casasbahia.com.br/Eletroportateis/LiquidificadoreseAcessorios/Liquidificadores/Liquidificador-3-Velocidade-450W---Tornado-Filter---Mallory-220V-6030078.html,http://www.shoptime.com.br/produto/124400663/liquidificador-mallory-tornado-1-5l-3-velocidades-pulsar-preto-450w
http://www.girafa.com.br/Eletrodomesticos/Oster/batedeira-planet-ria-vermelha-127v.htm,http://www.magazineluiza.com.br/batedeira-planetaria-oster-spinner-pl2-400w-12-velocidades/p/2130400/ep/bapl/,http://www.pontofrio.com.br/Eletroportateis/Batedeiras/batedeiraplanetaria/BATEDEIRA-PLANETARIA-PROFISSIONAL-SPINNER-VERMELHA-OSTER-6194490.html,https://www.walmart.com.br/batedeira-planetaria-oster-fpstsmpl2-3-litros-12-velocidades-vermelha-feita-de-aco/3447568/pr
https://www.colombo.com.br/produto/Eletroportateis/Batedeira-Orbital-Cadence-400W-8-velocidades-Colors,http://www.magazineluiza.com.br/batedeira-cadence-orbit-colors-bat502-400w-8-velocidades/p/0887556/ep/bate/,http://www.pontofrio.com.br/Eletroportateis/Batedeiras/batedeira/Batedeira-Planetaria-Orbital-Colors-127v-Vermelha-Cadence-7702413.html
http://www.strar.com.br/batedeira-stand-mixer-artisan-empire-red-kitchenaid.html,http://www.magazineluiza.com.br/batedeira-planetaria-kitchenaid-artisan-stand-mixer-300w-10-velocidades/p/2160068/ep/bapl/,http://www.shoptime.com.br/produto/116794130/batedeira-kitchenaid-stand-mixer-artisan-tangerina-110v,https://www.carrefour.com.br/Batedeira-Planetaria-KitchenAid-Stand-Mixer-Artisan-10-Velocidades-275W-Vermelha-110V/p/9914501
http://www.magazineluiza.com.br/espremedor-de-frutas-black-decker-cj650-eletrico-30w-1l-branco/p/2143511/ep/espe/,http://www.pontofrio.com.br/Eletroportateis/EspremedoresdeFrutas/Espremedor-De-Frutas-Black---Decker-Cj650-1-Litro---Branco-4954255.html,http://www.shoptime.com.br/produto/117698908/espremedor-de-frutas-black-e-decker-cj650-1-litro-branco,https://www.submarino.com.br/produto/117698908/espremedor-de-frutas-black-e-decker-cj650-1-litro-branco
https://www.walmart.com.br/frigobar-brastemp-retro-bra08av-76-litros-vermelho/2033653/pr,http://www.magazineluiza.com.br/frigobar-brastemp-68l-retro-bra08a/p/2001613/ed/rcom/,http://www.shoptime.com.br/produto/108679781/frigobar-brastemp-retro-bra08av-76-litros-vermelho
https://www.submarino.com.br/produto/119934644/frigobar-consul-crc08-80-litros-branco,http://www.shoptime.com.br/produto/119934644/frigobar-consul-crc08-80-litros-branco,http://www.magazineluiza.com.br/frigobar-consul-76l-branco-crc08/p/0130204/ed/rcom/,https://www.walmart.com.br/frigobar-80-litros-consul-crc08c-branco-com-porta-latas/2403419/pr
https://www.walmart.com.br/refrigerador-cervejeira-82l-consul-mais-czd12av-vermelha/2236996/pr,http://www.magazineluiza.com.br/cervejeira-expositor-freezer-vertical-consul-frost-free-mais-czd12av-1-porta-display-digital/p/0842474/pi/exce/,http://www.casasbahia.com.br/Eletrodomesticos/Cervejeiras/Cervejeira-Consul-Mais-CZD12AV-Vermelha-82L-7010235.html,http://www.shoptime.com.br/produto/117982191/cervejeira-consul-mais-82-litros-czd12-vermelha
https://www.colombo.com.br/produto/Eletrodomesticos/Micro-ondas-Brastemp-38-Litros-1000W-com-Display-Digital-BMJ38AR,https://www.walmart.com.br/micro-ondas-brastemp-ative-smart-food-grill-bmj38ar-38-litros-espelhado/2237096/pr,http://www.magazineluiza.com.br/micro-ondas-brastemp-ative-bmj38arana-38l-inox/p/0842431/ed/mond/,https://www.submarino.com.br/produto/118419392/micro-ondas-brastemp-ative-bmj38-38-litros-inox
https://www.walmart.com.br/micro-ondas-panasonic-nn-st654wr-32l-branco-com-desodorizador/3131296/pr,https://www.angeloni.com.br/eletro/p/micro-ondas-panasonic-32l-style-nn-st654wru-branco-3624386,https://www.colombo.com.br/produto/Eletrodomesticos/Micro-ondas-Panasonic-Style-32-Litros-900W-ST654W,http://www.magazineluiza.com.br/micro-ondas-panasonic-style-nn-st654wrun-32l-com-funcao-desodorizador/p/2114793/ed/mond/
https://www.colombo.com.br/produto/Eletrodomesticos/Micro-ondas-Electrolux-31-Litros-com-Grill-e-10-Niveis-de-Potencia-MEC41,http://www.magazineluiza.com.br/micro-ondas-electrolux-mec41-31l-inox/p/0113384/ed/mond/,https://www.walmart.com.br/micro-ondas-31-litros-electrolux-blue-touch-mec41-inox-com-grill-e-porta-espelhada/2165202/pr,https://www.submarino.com.br/produto/116937170/micro-ondas-electrolux-blue-touch-mec41-31-litros-inox
http://www.americanas.com.br/produto/124484692/multifuncional-hp-deskjet-ink-advantage-2136,https://www.submarino.com.br/produto/124484692/multifuncional-hp-deskjet-ink-advantage-2136,http://www.shoptime.com.br/produto/124484692/multifuncional-hp-deskjet-ink-advantage-2136,http://www.magazineluiza.com.br/multifuncional-hp-ink-advantage-ultra-2136-jato-de-tinta-colorida/p/2145218/ia/iass/
http://www.extra.com.br/Informatica/impressoramultifuncional/JatodeTinta/Multifuncional-Epson-Expression-XP-241-–-Impressora-Copiadora-e-Scanner-11115215.html,http://www.kalunga.com.br/prod/multifuncional-expression-xp-241-epson/220332,http://www.efacil.com.br/loja/produto/multifuncional-xp-241-expression-jato-de-tinta-colorida-bivolt-epson-2308729/,https://www.walmart.com.br/multifuncional-jato-de-tinta-colorida-epson-expression-xp-241/5094920/pr
http://www.magazineluiza.com.br/multifuncional-epson-ecotank-l455-tanque-de-tinta-colorida-wi-fi/p/2165046/ia/iass/,http://www.extra.com.br/Informatica/impressoramultifuncional/JatodeTinta/Multifuncional-Colorida-Com-Tanque-De-Tinta-Wireless-Ecotank-L455-Epson--5063131.html,http://www.saraiva.com.br/multifuncional-epson-ecotank-l455-preta-wi-fi-impressora-copiadora-scanner-9360632.html,http://www.magazineluiza.com.br/multifuncional-epson-ecotank-l455-tanque-de-tinta-colorida-wi-fi-4-refis-de-tinta/p/2192235/ia/iass/
http://www.magazineluiza.com.br/fone-de-ouvido-shl3060-philips/p/2119827/ea/eafn/,http://www.casasbahia.com.br/audio/FonesdeOuvido/Fone-de-Ouvido-com-ALCA-Ajustavel-SHL3060BK-00-Preto-Philips-4805205.html,http://www.shoptime.com.br/produto/121285989/fone-de-ouvido-philips-preto-shl3060bk-00,https://www.submarino.com.br/produto/121285989/fone-de-ouvido-philips-preto-shl3060bk-00
http://www.magazineluiza.com.br/headset-shb4000-bluetooth-3.0-philips/p/0877606/ea/eafn/,http://www.pontofrio.com.br/audio/FonesdeOuvido/Fone-de-Ouvido-Bluetooth-com-Controle-de-Volume-SHB4000-Preto---Philips-5259878.html,http://www.shoptime.com.br/produto/113266446/fone-de-ouvido-over-ear-shb4000-c-bluetooth-branco-philips,https://www.submarino.com.br/produto/124326230/fone-de-ouvido-philips-shb4000-00-on-ear-preto
https://www.fastshop.com.br/loja/fone-ouvido-sony-preto-mdr-zx310apb-fast,http://www.pontofrio.com.br/audio/FonesdeOuvido/Fone-de-Ouvido-Sony-MDR-ZX310AP-com-Microfone-–-Vermelho-3490803.html
https://www.walmart.com.br/kindle-paperwhite-amazon-tela-6-branco-wi-fi-4gb-c-luz/5234447/pr,http://www.magazineluiza.com.br/kindle-paperwhite-amazon-tela-6-4gb-wi-fi-luz-embutida-branco/p/2165019/tb/kind/,http://www.pontofrio.com.br/Informatica/LeitordeLivrosDigitaise-Reader/LeitorEletronico/Kindle-Paperwhite-com-Wi-Fi-4GB-Tela-6-de-Alta-Definicao-Sensivel-ao-Toque-Bateria-de-Longa-Duracao-e-Iluminacao-Embutida-5117514.html,http://www.extra.com.br/Informatica/LeitordeLivrosDigitaise-Reader/LeitorEletronico/Kindle-Paperwhite-com-Wi-Fi-3G-4GB-Tela-6-de-Alta-Definicao-Sensivel-ao-Toque-Bateria-de-Longa-Duracao-e-Iluminacao-Embutida-5117650.html,http://www.girafa.com.br/Informatica/Amazon/e-reader-kindle-paperwhite-3g-amazon-wi-fi-6-ao0408.htm
http://www.extra.com.br/Informatica/AcessoriosePerifericos/Teclados/Mouse-e-Teclado-Wireless-Logitech-MK220-Preto-2357890.html,http://www.shoptime.com.br/produto/113879824/combo-mouse-e-teclado-wireless-logitech-mk220,https://www.submarino.com.br/produto/113879824/combo-mouse-e-teclado-wireless-logitech-mk220,http://www.matron.com.br/kit_logitech_wireless_mk220_teclado_e_mouse_1000dpi__sem_fio/p
http://www.pontofrio.com.br/Informatica/AcessoriosePerifericos/Teclados/Teclado-E-Mouse-Wireless-Usb-Tc162-Multilaser--5793327.html,http://www.shoptime.com.br/produto/114063835/teclado-e-mouse-multilaser-tc-162-sem-fio-2.4-ghz-multimidia-usb-preto,https://www.submarino.com.br/produto/114063835/teclado-e-mouse-multilaser-tc-162-sem-fio-2.4-ghz-multimidia-usb-preto,http://www.efacil.com.br/loja/produto/teclado-e-mouse-s-fio-tc162-24ghz-usb-1000dpi-preto-multilaser-2308644/
http://www.pontofrio.com.br/Informatica/AcessoriosePerifericos/Teclados/Teclado-Logitech-Wireless-K270-Preto-2357889.html,http://www.shoptime.com.br/produto/113882556/teclado-e-mouse-logitech-wireless-combo-mk270,https://www.submarino.com.br/produto/113882556/teclado-e-mouse-logitech-wireless-combo-mk270,https://www.walmart.com.br/teclado-mouse-logitech-wireless-mk270-preto/4441100/pr
http://www.pontofrio.com.br/Informatica/AcessoriosePerifericos/Mouses/Mouse-sem-Fio-USB-Logitech-M185-Vermelho-5730294.html,http://www.casasbahia.com.br/Informatica/AcessoriosePerifericos/Mouses/Mouse-sem-Fio-USB-Logitech-M185-Vermelho-5730294.html,http://www.shoptime.com.br/produto/124393715/mouse-wireless-logitech-m185-vermelho,https://www.submarino.com.br/produto/124393715/mouse-wireless-logitech-m185-vermelho
http://www.pontofrio.com.br/Informatica/AcessoriosePerifericos/Mouses/Microsoft-Mouse-Optico-1850-sem-Fio-U7Z-00038-Vermelho-4942033.html,http://www.casasbahia.com.br/Informatica/AcessoriosePerifericos/Mouses/Mouse-Optico-Microsoft-1850-sem-Fio-Pink-U7Z-00062-6473537.html,https://www.submarino.com.br/produto/120648899/mouse-microsoft-1850-wireless-rosa
http://www.magazineluiza.com.br/mouse-laser-logitech-m105/p/0882176/ia/mauz/,http://www.pontofrio.com.br/Informatica/AcessoriosePerifericos/Mouses/Mouse-Optico-USB-Logitech-M105-Preto-2357874.html,https://www.walmart.com.br/mouse-sensor-optico-usb-2-0-preto-m105-logitech/3348961/pr
http://www.extra.com.br/Informatica/projetoreseacessorios/Projetores/Projetor-X29-3LCD-Power-Lite-XGA-HDMI-3000-Lumens-Bivolt---Epson--6750048.html,http://www.kalunga.com.br/prod/projetor-multimidia-powerlite-x29-epson/608606,http://www.efacil.com.br/loja/produto/projetor-x29-3lcd-power-lite-xga-hdmi-3000-lumens-bivolt-epson-2308073/,https://www.walmart.com.br/projetor-epson-powerlite-x29-3000-ansi-lumens-xga-contraste-10-000-1-3lcd-hdmi-branco/3359986/pr
http://www.shoptime.com.br/produto/127548604/projetor-epson-powerlite-s31-3200a-lumens-e-svga-800x600,https://www.submarino.com.br/produto/127548604/projetor-epson-powerlite-s31-3200a-lumens-e-svga-800x600,http://www.efacil.com.br/loja/produto/projetor-s313lcd-powerlite-svga-hdmi-3000-lumens-bivolt-epson-2308395/
http://www.casasbahia.com.br/Informatica/projetoreseacessorios/Projetores/Projetor-Multimidia-2700-Lumens-PowerLite-S27-Epson-7099652.html,http://www.kalunga.com.br/prod/projetor-multimidia-powerlite-s27-epson/608633,https://www.carrefour.com.br/Projetor-Epson-S27-2700-Lumens-SVGA-Contraste-10-000-1-com-Entradas-HDMI-VGA-e-USB-Bivolt/p/9860150,https://www.walmart.com.br/projetor-epson-powerlite-s27-2700-ansi-lumens-svga-contraste-10-000-1-3lcd-hdmi-wireless-ready-branco/3835935/pr
http://www.pontofrio.com.br/Informatica/EquipamentosdeRedeWireless/Roteadores/Roteador-e-Repetidor-D-Link-DIR-615-Wireless-N-300Mbps-com-2-Antenas-5dBi-2948338.html,https://www.submarino.com.br/produto/120485858/roteador-wireless-d-link-dir-615-n-300mbps-duas-antenas-5dbi-modo-repetidor,http://www.dbestshop.com.br/roteador-wireless-300mbps-dir-615-preto-d-link-e54829/p,https://www.walmart.com.br/roteador-wireless-dir-615n-300mbps-d-link-dir-615/3876196/pr
http://www.magazineluiza.com.br/roteador-wireless-tp-link-tl-wr720n-150mbps-1-antena-3-portas/p/1354325/ia/iarr/,http://www.pontofrio.com.br/Informatica/EquipamentosdeRedeWireless/Roteadores/Roteador-TP-Link-TL-WR720N-150Mbps-com-Antena-Interna-3112354.html,http://www.shoptime.com.br/produto/126902309/roteador-wireless-tp-link-tl-wr720n-150mbps-2-portas,https://www.submarino.com.br/produto/126902309/roteador-wireless-tp-link-tl-wr720n-150mbps-2-portas
http://www.pontofrio.com.br/Informatica/EquipamentosdeRedeWireless/Roteadores/Roteador-Wireless-150MBPS-TL-WR740N-TP-Link-6666457.html,https://www.submarino.com.br/produto/7395363/roteador-wireless-150mbps-tl-wr740n-tp-link,https://www.lojasnext.com.br/Roteador-Wireless-TP-Link-150Mbps-TL-WR740N,http://www.efacil.com.br/loja/produto/roteador-wireless-tl-wr740n-150mbps-4-portas-antena-5-dbi-wps-tp-link-2307986/
http://www.pontofrio.com.br/Informatica/EquipamentosdeRedeWireless/Roteadores/Roteador-Wifi-150Mbps-com-Antena-5DBI-Preto-DIR610-D-Link-4687580.html,http://www.ricardoeletro.com.br/Produto/Roteador-Wireless-D-Link-DIR-610-B1-com-Velocidade-de-150Mbps-Banda-com-Frequencia-24GHz-11N-Modo-Repetidor-1-Antena-Externa-e-4-Portas-LAN/4523-4529-4542-405742/,http://www.shoptime.com.br/produto/120485815/roteador-e-repetidor-wireless-d-link-dir-610-n150-mbps-com-1-antena-5dbi,https://www.submarino.com.br/produto/120485815/roteador-e-repetidor-wireless-d-link-dir-610-n150-mbps-com-1-antena-5dbi
http://www.pontofrio.com.br/Informatica/ComponentesePecas/Memorias/Memoria-Note-Kingston-4GB-1333MHz-DDR3-SODIMM-Single-Rank-KVR13S9S8-4--4092267.html,https://www.walmart.com.br/memoria-4gb-ddr3-1333mhz-kingston-kvr13s9s8-4-notebook/4926829/pr,http://www.casasbahia.com.br/Informatica/ComponentesePecas/Memorias/Memoria-Note-Kingston-4GB-1333MHz-DDR3-SODIMM-Single-Rank-KVR13S9S8-4--4092267.html,http://www.extra.com.br/Informatica/ComponentesePecas/Memorias/Memoria-Note-Kingston-4GB-1333MHz-DDR3-SODIMM-Single-Rank-KVR13S9S8-4--4092267.html
http://www.extra.com.br/Informatica/ComponentesePecas/Memorias/Memoria-4Gb--1X4gb--Ddr3-1600Mhz-Hyperx-Fury-Red-Hx316c10fr-4-Kingston--3431202.html,http://www.casasbahia.com.br/Informatica/ComponentesePecas/Memorias/Memoria-4Gb--1X4gb--Ddr3-1600Mhz-Hyperx-Fury-Red-Hx316c10fr-4-Kingston--3431202.html,http://www.starhouse.com.br/componentes-e-pecas/memorias/memoria-kingston-hyper-x-fury-red-desktop-4gb-ddr3-1600-hx316c10fr4
http://www.pontofrio.com.br/Informatica/ComponentesePecas/Memorias/Memoria-16Gb--2X8gb--DDR3-1600Mhz-Hyperx-Fury-Black-Hx316c10fbk2-16-Kingston-3431184.html,http://www.extra.com.br/Informatica/ComponentesePecas/Memorias/Memoria-16Gb--2X8gb--DDR3-1600Mhz-Hyperx-Fury-Black-Hx316c10fbk2-16-Kingston-3431184.html,https://www.walmart.com.br/memoria-kingston-hyper-x-fury-black-8gb-ddr3-1600mhz-hx316c10fb-8/3491459/pr,http://www.oficinadosbits.com.br/produto14919/Kingston_8GB_DDR3_1600MH_HX316C10F_8.html
http://www.extra.com.br/CineFoto/CartoesdeMemoria/CartAo-De-MemOria-Micro-Sd-32gb-Com-Adaptador-Sd-Sdc4-32gb---Kingston-2356999.html,http://www.shoptime.com.br/produto/12295729/cartao-de-memoria-classe-4-kingston-sdc4-32gb-micro-sdhc-32gb-com-adaptador-sd,https://www.submarino.com.br/produto/12295729/cartao-de-memoria-classe-4-kingston-sdc4-32gb-micro-sdhc-32gb-com-adaptador-sd,https://www.walmart.com.br/cartao-de-memoria-cl4-kingston-sdc4-32gb-micro-sdhc-com-adap/4477496/pr
http://www.pontofrio.com.br/CineFoto/CartoesdeMemoria/Cartao-de-Memoria-Kingston-Classe-4-SDC4-8GB-MicroSDHC-de-8GB-1-Adaptador-SD-829068.html,https://www.submarino.com.br/produto/116393651/cartao-de-memoria-microsdhc-8gb-classe-4-com-adaptador-sd-kingston,http://www.shoptime.com.br/produto/116393651/cartao-de-memoria-microsdhc-8gb-classe-4-com-adaptador-sd-kingston,https://www.walmart.com.br/cartao-de-memoria-micro-sdhc-8gb-kingston/2160691/pr
http://www.girafa.com.br/Eletrodomesticos/consul/purificador-de-agua-consul-branco-bacteriol-gico-est-gios.htm,http://www.magazineluiza.com.br/purificador-de-agua-consul-com-indicador-troca-refil-cpc30ab/p/2010202/ed/puel/,http://www.pontofrio.com.br/Eletroportateis/bebedourospurificadores/Purificadordeagua/Purificador-de-Agua-Consul-CPC30AB-Branco-236613.html,https://www.submarino.com.br/produto/7408885/purificador-de-agua-consul-cpc30ab-branco
https://www.carrefour.com.br/Purificador-de-Agua-Colormaq-661-1-Agua-Natural-e-Gelada-Branco-220V/p/9401369,http://www.magazineluiza.com.br/purificador-de-agua-colormaq-refrigerado/p/2124810/ed/puel/,http://www.pontofrio.com.br/Eletroportateis/bebedourospurificadores/Purificadordeagua/Purificador-de-Agua-Sistema-de-Compressor-Branco---Colormaq-4376269.html,http://www.extra.com.br/Eletroportateis/bebedourospurificadores/Purificadordeagua/Purificador-de-Agua-Sistema-de-Compressor-Branco---Colormaq-4376269.html
http://www.pontofrio.com.br/Eletroportateis/bebedourospurificadores/Purificadordeagua/Purificador-de-Agua-Electrolux-PE10B-Bivolt-Branco-2438797.html,http://www.magazineluiza.com.br/purificador-de-agua-electrolux-refrigerado-painel-easy-touch-pe10b/p/0103507/ed/puel/,http://www.girafa.com.br/Eletrodomesticos/Electrolux/purificador-gua-electrolux-pe10b-branco-com-painel-easy-touch.htm,https://www.colombo.com.br/produto/Eletrodomesticos/Purificador-Agua-PE10B-Electrolux
https://www.submarino.com.br/produto/116559041/maquina-de-cafe-espresso-multibebidas-tres-modo-roxa,http://www.pontofrio.com.br/Eletroportateis/Cafeteiras/CafeteirasExpresso/Maquina-de-Cafe-Expresso-Multibebidas-TRES-Modo-S04-–-Preto-2394157.html,http://www.magazineluiza.com.br/cafeteira-expresso-15-bar-tres-coracoes-modo-automatica-multibebidas-preto-e-prata/p/0887752/ep/ctcr/,https://www.angeloni.com.br/eletro/p/cafeteira-expresso-tres-modo-preto-3520864
http://www.magazineluiza.com.br/cafeteira-expresso-15-bar-arno-dolce-gusto-mini-me-vermelha/p/2128737/ep/cadc/,http://www.extra.com.br/Eletroportateis/Cafeteiras/cafeteirasdolcegusto/Nescafe-Dolce-Gusto-Mini-Me-Arno-DMM00-Roxa-2714873.html,https://www.submarino.com.br/produto/119465358/cafeteira-expresso-arno-nescafe-dolce-gusto-mini-me-15-bar-automatica-roxo,http://www.shoptime.com.br/produto/122807443/cafeteira-expresso-arno-nescafe-dolce-gusto-mini-me-15-bar-automatica-branco
http://www.girafa.com.br/Eletrodomesticos/nespresso/caftira-automatica-nsprsso-inissia-d40-br-pb-127v-2-botos-programavis-c40-br-fu-n.htm,http://www.magazineluiza.com.br/cafeteira-expresso-19-bar-nespresso-inissia-vermelha-rubi/p/0887675/ep/cane/,http://www.pontofrio.com.br/Eletroportateis/Cafeteiras/CafeteirasExpresso/Cafeteira-Expresso-Nespresso-Combo-Inissia-Ruby-Red-Aeroccino-Vermelho-3652840.html,https://www.submarino.com.br/produto/119195941/cafeteira-expresso-nespresso-inissia-19-bar-vermelho-ruby
https://www.submarino.com.br/produto/11167891/climatizador-portatil-clm-01-127v-premium,http://www.casasbahia.com.br/ArVentilacao/Climatizadores/Climatizador-Portatil-CLM-7760952.html,http://www.magazineluiza.com.br/climatizador-de-ar-ventisol-frio-umidificador-ionizador-ventilador-3-velocidades-junior-clm/p/2165343/ar/arcl/
http://www.magazineluiza.com.br/climatizador-de-ar-elgin-purificador-ventilador-umidificador-ionizador-3-velocidades-45fce7500br/p/0888522/ar/arcl/,http://www.pontofrio.com.br/ArVentilacao/Climatizadores/Climatizador-de-Ar-Elgin-FCE-75-Frio-com-Controle-Remoto-2352673.html,https://www.submarino.com.br/produto/117743983/climatizador-de-ar-portatil-e-umidificador-elgin-branco-frio-com-controle-remoto
http://www.magazineluiza.com.br/climatizador-de-ar-cadence-frio-resfriar-ventilar-oscilar-3-velocidades-breeze-506/p/0842740/ar/arcl/,http://www.extra.com.br/ArVentilacao/Climatizadores/Climatizador-de-Ar-Cadence-Breeze-506-com-3-Velocidades-Branco-3687204.html,https://www.submarino.com.br/produto/121023401/climatizador-de-ar-portatil-breeze-506-cli506-frio-preto-com-filtro-e-gel-para-resfriamento,https://www.eletrum.com.br/cadence-climatizador-ar-breeze-cli506-ptapto-220v
http://www.magazineluiza.com.br/grill-cadence-glr299-quadrado-1200w-coletor-de-gordura/p/2006316/ep/sand/,http://www.pontofrio.com.br/Eletroportateis/GrilleSanduicheiras/Grill/Grill-Cadence-Premier-GRL299-184314.html,https://www.walmart.com.br/sanduicheira-eletrica-grill-premier-1200w-grl299-cadence/3583863/pr
http://www.pontofrio.com.br/Eletroportateis/GrilleSanduicheiras/Sanduicheiras/Sanduicheira-Cadence-Minigrill-Colors-SAN233-–-Azul-2361009.html,http://www.ricardoeletro.com.br/Produto/Sanduicheira-MiniGrill-Colors-com-Chapa-Antiaderente-SAN231-Vermelha-Cadence/258-544-719-388874/,http://www.magazineluiza.com.br/sanduicheira-mini-grill-cadence-easy-meal-color-750w-antiaderente-roxa/p/0887493/ep/sand/
https://www.walmart.com.br/omeleteira-duo-plus-bro2-britania/2003156/pr,https://www.submarino.com.br/produto/110757725/omeleteira-britania-duo-plus-bro2-850w-branca,http://www.shoptime.com.br/produto/110757725/omeleteira-britania-duo-plus-bro2-850w-branca,http://www.pontofrio.com.br/Eletroportateis/omeleteira/Omeleteira-Britania-Duo-Plus-BRO2-47944.html
http://www.thebeautybox.com.br/salvador-dali-laguna-feminino-eau-de-toilette-801270-p/p,https://www.walmart.com.br/salvador-dali-laguna-edt-feminino-100-ml/3140755/pr,https://www.submarino.com.br/produto/21843661/salvador-dali-laguna-100ml-perfumax
http://www.shoptime.com.br/produto/128359178/mini-system-lg-om7560-preto-torre-1000w-cd-player-radio-am-fm-bluetooth-usb-mp3-1000w,https://www.walmart.com.br/mini-system-lg-x-boom-festa-om7560-1000w-usb-multi-bluetooth/4514820/pr,http://www.pontofrio.com.br/audio/MicroeMiniSystem/Mini-system-lg-torre-1000w-usb-mp3-bluetooth---om7560.abrallk-10970640.html,http://www.magazineluiza.com.br/mini-system-lg-1-cd-1000w-rms-mp3-karaoke-usb-om7560/p/0510844/ea/eami/
http://www.extra.com.br/audio/MicroeMiniSystem/mini-system-philips-ntx600x-78-com-mp3-bluetooth-duplo-usb-e-ripping-2-200-w-5538231.html,http://www.magazineluiza.com.br/mini-hi-fi-system-philips-ntx600x-78-2200w-auto-dj-bluetooth-mp3-radio-fm/p/2164923/ea/eami/,https://www.walmart.com.br/mini-hi-fi-system-philips-ntx600x-bluetooth-entrada-usb-funcao-dj-crossfader-2200w/3614919/pr